,Name,Name_no_underscore,Gender,Links
0,A.J.,A.J.,Male,"['Pam Beesly', 'Michael Scott', 'Holly Flax']"
1,Abby,Abby,Female,"['Pam Beesly', 'Stacy']"
2,Alan,Alan,Male,"['Kelly Kapoor', 'Pam Beesly', 'Ryan Howard']"
3,Alan_Brand,Alan Brand,Male,"['Jim Halpert', 'David Wallace', 'Charles Miner', 'Oscar Martinez', 'Jan Levinson', 'Michael Scott']"
4,Alex,Alex,Male,"['Pam Beesly', 'Karen Filippelli']"
5,Alice,Alice,Female,"['Pete Miller', 'Erin Hannon', 'Andy Bernard']"
6,Amy,Amy,Female,['Toby Flenderson']
7,Andy_Bernard,Andy Bernard,Male,"['Pam Beesly', 'Jim Halpert', 'Alice', 'Todd Packer', 'David Wallace', 'Carla Fern', 'Toby Flenderson', 'Deangelo Vickers', 'Ryan Howard', 'Pete Miller', 'Gabe Lewis', 'Garbage', 'Cathy Simms', 'Erin Hannon', 'Jamie', 'Ellen Bernard', 'Jo Bennett', 'Michael Scott', 'Karen Filippelli', 'Dwight Schrute', 'Nellie Bertram', 'Robert California', 'Josh Porter', 'Darryl Philbin', 'Bob Vance', 'Walter Bernard Jr.', 'Nick', 'Walter Bernard Sr.', 'Angela Martin', 'Jan Levinson', 'Stanley Hudson', 'Kevin Malone', 'Unnamed Cousin']"
8,Andy_Roddick,Andy Roddick,Male,"['Jan Levinson', 'Astrid Levinson']"
9,Angela%27s_cats,Angela%27s cats,Unknown,"['Bandit', 'Angela Martin', 'Andy Bernard', 'Garbage', 'Sprinkles']"
10,Angela_Martin,Angela Martin,Female,"['Pam Beesly', 'Phyllis Vance', 'Oscar Martinez', 'Phillip Schrute', 'Garbage', 'Erin Hannon', 'Charles Miner', 'Michael Scott', 'Meredith Palmer', 'Karen Filippelli', 'Robert Lipton', 'Dwight Schrute', 'Sprinkles', 'Rachael Martin', 'Andy Bernard', 'Bandit', 'Kevin Malone']"
11,Angelo_Grotti,Angelo Grotti,Male,"['Pam Beesly', 'Dwight Schrute', 'Jim Halpert', 'Oscar Martinez', 'Andy Bernard']"
12,Arnie_Rissman,Arnie Rissman,Male,"['Evan', 'Michael Scott']"
13,Ashley,Ashley,Female,"['Erin Hannon', 'Oscar Martinez']"
14,Asian_Jim,Asian Jim,Male,"['Pam Beesly', 'Dwight Schrute', 'Jim Halpert']"
15,Astrid_Levinson,Astrid Levinson,Female,"['Cecelia Halpert', 'Andy Roddick', 'Hunter Raymond', 'Jan Levinson', 'Kevin Malone', 'Michael Scott']"
16,Aunt_Carol,Aunt Carol,Female,['Ryan Howard']
17,Aunt_Shirley,Aunt Shirley,Female,"['Angela Martin', 'Mose Schrute', 'Dwight Schrute', 'Oscar Martinez', 'Honk']"
18,Bandit,Bandit,Female,"['Angela Martin', 'Dwight Schrute', 'Jim Halpert', 'Oscar Martinez']"
19,Barbara_Allen,Barbara Allen,Female,"['Pam Beesly', 'Michael Scott']"
20,Barbara_Keevis,Barbara Keevis,Female,['Michael Scott']
21,Belsnickel,Belsnickel,Unknown,"['Nate Nickerson', 'Dwight Schrute']"
22,Bert_California,Bert California,Male,"['Dwight Schrute', 'Robert California']"
23,Bert_Jacobs,Bert Jacobs,Unknown,['Creed Bratton']
24,Betsy_Halpert,Betsy Halpert,Female,"['Gerald Halpert', 'Tom Halpert', 'Jim Halpert', 'Helene Beesly', 'Pete Halpert', 'William Beesly', 'Phillip Halpert']"
25,Bill_Cress,Bill Cress,Male,['Kevin Malone']
26,Billy_Merchant,Billy Merchant,Male,['Michael Scott']
27,Billy_the_Bartender,Billy the Bartender,Male,"['Michael Scarn', 'Andy Bernard']"
28,Blind_Guy_McSqueezy,Blind Guy McSqueezy,Male,"['Pam Beesly', 'Michael Scott', 'Jim Halpert']"
29,Bob_Vance,Bob Vance,Male,"['Phyllis Vance', 'Kelly Kapoor', 'Angela Martin', 'Ryan Howard', 'Stanley Hudson', 'Kevin Malone']"
30,Brandon,Brandon,Male,"['Val Johnson', 'Andy Bernard']"
31,Brenda_Matlowe,Brenda Matlowe,Female,"['Pam Beesly', 'Kevin Malone', 'Michael Scott', 'Abby', 'Jim Halpert', 'Jan Levinson']"
32,Brian_Wittle,Brian Wittle,Male,"['Frank', 'Jim Halpert', 'Dwight Schrute', 'Clark Green', 'Meredith Palmer', 'Pam Beesly']"
33,Broccoli_Rob,Broccoli Rob,Male,['Andy Bernard']
34,Bruce,Bruce,Male,"['Gabe Lewis', 'Mike Tibbets']"
35,Cameraman,Cameraman,Male,"['Pam Beesly', 'Dwight Schrute', 'Andy Bernard', 'Angela Martin', 'Rachel Wallace', 'Michael Scott', 'Mose Schrute', 'Karen Filippelli', 'James P. Albini']"
36,Captain_Jack,Captain Jack,Male,"['Michael Scott', 'Meredith Palmer']"
37,Carla,Carla,Female,"['Michael Scott', 'Andy Bernard']"
38,Carla_Fern,Carla Fern,Female,"['Darryl Philbin', 'Andy Bernard']"
39,Carol_Stills,Carol Stills,Female,"['Michael Scarn', 'Jan Levinson', 'Michael Scott']"
40,Casey_Dean,Casey Dean,Female,['Andy Bernard']
41,Catherine_Zeta-Scarn,Catherine Zeta-Scarn,Female,"['Phyllis Vance', 'Goldenface', 'Michael Scarn']"
42,Cathy_Becker,Cathy Becker,Unknown,['Sasha Flenderson']
43,Cathy_Simms,Cathy Simms,Female,"['Pam Beesly', 'Jim Halpert']"
44,Cecelia_Halpert,Cecelia Halpert,Female,"['Gerald Halpert', 'Pam Beesly', 'Jim Halpert', 'Dwight Schrute', 'Betsy Halpert', 'Andy Bernard', 'Helene Beesly', 'Sylvia', 'Erin Hannon', 'Angela Martin', 'Deangelo Vickers', 'William Beesly', 'Michael Scott', 'Phillip Schrute', 'Gabe Lewis']"
45,Chad_Ligh,Chad Ligh,Male,"['Barbara Allen', 'Michael Scott', 'Dwight Schrute']"
46,Charles_Miner,Charles Miner,Male,"['Jim Halpert', 'Dwight Schrute', 'David Wallace', 'Kelly Kapoor', 'Angela Martin', 'Ryan Howard', 'Michael Scott']"
47,Cherokee_Jack,Cherokee Jack,Male,"['Creed Bratton', 'Goldenface', 'Michael Scarn']"
48,Chet_Montgomery,Chet Montgomery,Male,['Michael Scott']
49,Chris_Finch,Chris Finch,Male,['Todd Packer']
50,Chris_Kotter,Chris Kotter,Male,['Michael Scott']
51,Christian,Christian,Unknown,"['Michael Scott', 'Jan Levinson']"
52,Christian_Slater,Christian Slater,Male,[]
53,Clark_(Lactation_Consultant),Clark (Lactation Consultant),Male,"['Jim Halpert', 'Pam Beesly']"
54,Clark_Green,Clark Green,Male,"['Pam Beesly', 'Jim Halpert', 'Todd Packer', 'Dwight Schrute', 'Andy Bernard', 'David Wallace', 'Phyllis Vance', 'Kelly Kapoor', 'Erin Hannon', 'Creed Bratton', 'Toby Flenderson', 'Angela Martin', 'Darryl Philbin', 'Jan Levinson', 'Stanley Hudson', 'Pete Miller', 'Kevin Malone']"
55,Colin,Colin,Male,['Julius Erving']
56,Conan_O%27Brien,Conan O%27Brien,Unknown,['Michael Scott']
57,Concierge_Marie,Concierge Marie,Female,"['Michael Scott', 'Andy Bernard', 'Oscar Martinez']"
58,Craig,Craig,Male,['Jan Levinson']
59,Creed_Bratton,Creed Bratton,Male,"['Toby Flenderson', 'Oscar Martinez', 'Holly Flax', 'Michael Scott', 'Dwight Schrute', 'Hannah Smoterich-Barr', 'Devon White']"
60,Cynthia,Cynthia,Female,"['Stanley Hudson', 'Megan', 'Eric', 'Maurie']"
61,Dan_(Karen%27s_husband),Dan (Karen%27s husband),Male,['Karen Filippelli']
62,Dan_Gore,Dan Gore,Male,"['Jan Levinson', 'David Wallace']"
63,Daniel_Donnelly,Daniel Donnelly,Male,"['Debby Donnelly', 'Dwight Schrute']"
64,Danny_Cordray,Danny Cordray,Male,"['Steve Nash', 'Jim Halpert', 'Dwight Schrute', 'Michael Scott', 'Meredith Palmer', 'Karen Filippelli']"
65,Darryl_Philbin,Darryl Philbin,Male,"['Toby Flenderson', 'Kelly Kapoor', 'Val Johnson', 'Holly Flax', 'Michael Scott', 'Dwight Schrute', 'Bob Vance', 'Andy Bernard', 'Gwyneth Philbin', 'Jan Levinson', 'Jada Philbin']"
66,David_Brent,David Brent,Male,['Michael Scott']
67,David_Wallace,David Wallace,Male,"['Pam Beesly', 'Jim Halpert', 'Toby Flenderson', 'Ryan Howard', 'Oscar Martinez', 'Craig', 'Charles Miner', 'Holly Flax', 'Michael Scott', 'Karen Filippelli', 'Teddy Wallace', 'Dwight Schrute', 'Robert California', 'Rachel Wallace', 'Andy Bernard', 'Jan Levinson']"
68,Dawn_Tinsley,Dawn Tinsley,Female,"['Tim Canterbury', 'Lee', 'Pam Beesly', 'Gareth Keenan']"
69,Deangelo_Vickers,Deangelo Vickers,Male,"['Jim Halpert', 'Andy Bernard', 'Erin Hannon', 'Creed Bratton', 'Darryl Philbin', 'Jo Bennett', 'Holly Flax', 'Kevin Malone', 'Michael Scott', 'Gabe Lewis']"
70,Debbie_Brown,Debbie Brown,Female,['Creed Bratton']
71,Debby_Donnelly,Debby Donnelly,Female,"['Dwight Schrute', 'Daniel Donnelly']"
72,Deborah_Shoshlefski,Deborah Shoshlefski,Female,"['Michael Scott', 'Dwight Schrute']"
73,Dennis,Dennis,Male,"['Angela Martin', 'Bob Vance']"
74,Devon_White,Devon White,Male,"['Dwight Schrute', 'Louanne Kelley', 'Creed Bratton', 'Angela Martin', 'Michael Scott']"
75,Diane_Kelly,Diane Kelly,Female,['Jan Levinson']
76,Donna_(UK),Donna (UK),Female,"['Tim Canterbury', 'Dawn Tinsley', 'David Brent', 'Gareth Keenan']"
77,Donna_Newton,Donna Newton,Female,"['Pam Beesly', 'Michael Scott', 'Jim Halpert']"
78,Drake_Howard,Drake Howard,Male,"['Ryan Howard', 'Nellie Bertram']"
79,Dwight_Schrute,Dwight Schrute,Male,"['Pam Beesly', 'Jim Halpert', 'Todd Packer', 'David Wallace', 'Phyllis Vance', 'Toby Flenderson', 'Ryan Howard', 'Isabel Poreba', 'Kelly Kapoor', 'Erin Hannon', 'Jeb Schrute', 'Esther Bruegger', 'Jo Bennett', 'Fannie Schrute', 'Michael Scott', 'Meredith Palmer', 'Robert California', 'Aunt Shirley', 'Mose Schrute', 'Andy Bernard', 'Roy Anderson', 'Honk', 'Angela Martin', 'Gareth Keenan']"
80,Ed_Truck,Ed Truck,Male,"['Creed Bratton', 'Jan Levinson', 'Michael Scott']"
81,Edward_R._Meow,Edward R. Meow,Male,['Michael Scott']
82,Elbert_Lapin,Elbert Lapin,Male,"['Phyllis Vance', 'Michael Scott']"
83,Eldred,Eldred,Male,['Dwight Schrute']
84,Elizabeth,Elizabeth,Female,"['Dwight Schrute', 'Bob Vance', 'Jan Levinson']"
85,Ellen_Bernard,Ellen Bernard,Female,"['Andy Bernard', 'Walter Bernard Sr.', 'Walter Bernard Jr.']"
86,Eric,Eric,Male,"['Stanley Hudson', 'Cynthia']"
87,Eric_Ward,Eric Ward,Male,"['Toby Flenderson', 'Michael Scott', 'Dwight Schrute']"
88,Erik,Erik,Male,"['Michael Scott', 'Meredith Palmer']"
89,Erin%27s_Father,Erin%27s Father,Male,['Erin Hannon']
90,Erin%27s_Mother,Erin%27s Mother,Female,['Erin Hannon']
91,Erin_Hannon,Erin Hannon,Female,"['Pam Beesly', 'Jim Halpert', 'Dawn Tinsley', 'Deangelo Vickers', 'Ryan Howard', 'Pete Miller', 'Gabe Lewis', 'Kelly Kapoor', 'Charles Miner', 'Holly Flax', 'Michael Scott', 'Meredith Palmer', 'Dwight Schrute', 'Robert California', 'Irene', 'Darryl Philbin', 'Reed', 'Andy Bernard']"
92,Esther_Bruegger,Esther Bruegger,Female,['Dwight Schrute']
93,Evan,Evan,Male,['Michael Scott']
94,Fannie_Schrute,Fannie Schrute,Female,"['Jeb Schrute', 'Mose Schrute', 'Dwight Schrute', 'Oscar Martinez']"
95,Fern_Widgale,Fern Widgale,Male,"['Michael Scott', 'Dwight Schrute', 'Lester Schneider']"
96,Finger_Lakes_Guy,Finger Lakes Guy,Male,"['Toby Flenderson', 'Jim Halpert', 'Gabe Lewis']"
97,Frank,Frank,Unknown,['Clark Green']
98,Fred_Henry,Fred Henry,Male,['Jim Halpert']
99,Gabe_Lewis,Gabe Lewis,Male,"['Pam Beesly', 'Todd Packer', 'Jim Halpert', 'David Wallace', 'Ryan Howard', 'Oscar Martinez', 'Cathy Simms', 'Kelly Kapoor', 'Erin Hannon', 'Val Johnson', 'Creed Bratton', 'Jo Bennett', 'Meredith Palmer', 'Robert California', 'Andy Bernard', 'Angela Martin', 'Jan Levinson', 'Kevin Malone']"
100,Garbage,Garbage,Unknown,"['Bandit', 'Angela Martin', 'Dwight Schrute', 'Mose Schrute', 'Andy Bernard', 'Sprinkles']"
101,Gareth_Keenan,Gareth Keenan,Male,"['Tim Canterbury', 'David Brent', 'Dwight Schrute']"
102,Gerald_Halpert,Gerald Halpert,Male,"['Tom Halpert', 'Jim Halpert', 'Betsy Halpert', 'Pete Halpert', 'William Beesly', 'Phillip Halpert']"
103,Gideon,Gideon,Male,[]
104,Gil,Gil,Male,"['Pam Beesly', 'Dwight Schrute', 'Penny Beesly', 'Oscar Martinez', 'Jan Levinson', 'Michael Scott']"
105,Gino,Gino,Male,"['Phyllis Vance', 'Pam Beesly', 'Michael Scott', 'Leo', 'Bob Vance']"
106,Glenn_(Florida),Glenn (Florida),Male,"['Erin Hannon', 'Irene']"
107,Glenn_(Warehouse_Worker),Glenn (Warehouse Worker),Male,"['Philip', 'Darryl Philbin']"
108,Glove_Girl,Glove Girl,Female,['Michael Scott']
109,Goldenface,Goldenface,Male,"['Michael Scarn', 'Jim Halpert']"
110,Gordon,Gordon,Male,"['Phyllis Vance', 'Pam Beesly', 'Michael Scott', 'Jim Halpert']"
111,Grace,Grace,Female,[]
112,Gwyneth_Philbin,Gwyneth Philbin,Female,['Darryl Philbin']
113,Hank_Doyle,Hank Doyle,Male,['Dwight Schrute']
114,Hannah_Smoterich-Barr,Hannah Smoterich-Barr,Female,"['Pam Beesly', 'Phyllis Vance', 'Creed Bratton', 'Josh Porter', 'Toby Flenderson', 'Angela Martin', 'Martin Nash', 'Michael Scott', 'Karen Filippelli']"
115,Helene_Beesly,Helene Beesly,Female,"['Pam Beesly', 'Jim Halpert', 'Sylvia', 'Penny Beesly', 'Cecelia Halpert', 'William Beesly', 'Michael Scott', 'Phillip Halpert']"
116,Hidetoshi_Hasagawa,Hidetoshi Hasagawa,Male,"['Robert California', 'Kelly Kapoor', 'Nate Nickerson', 'Darryl Philbin', 'Michael Scott']"
117,Holly_Flax,Holly Flax,Female,"['Pam Beesly', 'Jim Halpert', 'Dwight Schrute', 'David Wallace', 'Mrs. Flax', 'Phyllis Vance', 'Kelly Kapoor', 'Erin Hannon', 'Mr. Flax', 'A.J.', 'Toby Flenderson', 'Scranton Strangler', 'Oscar Martinez', 'Jo Bennett', 'Kevin Malone', 'Michael Scott']"
118,Honk,Honk,Male,['Dwight Schrute']
119,Hunter_Raymond,Hunter Raymond,Male,"['Jan Levinson', 'Darryl Philbin', 'Michael Scott', 'Ryan Howard', 'Astrid Levinson']"
120,Irene,Irene,Female,"['Erin Hannon', 'Glenn (Florida)', 'Andy Bernard']"
121,Isabel_Poreba,Isabel Poreba,Female,"['Toby Flenderson', 'Pam Beesly', 'Angela Martin', 'Dwight Schrute', 'Jim Halpert']"
122,Ivan_Shotsky,Ivan Shotsky,Unknown,"['Michael Scott', 'Dwight Schrute']"
123,Jack,Jack,Male,['Meredith Palmer']
124,Jada_Philbin,Jada Philbin,Female,"['Kelly Kapoor', 'Kevin Malone', 'Darryl Philbin', 'Justine Philbin']"
125,Jake_Palmer,Jake Palmer,Male,['Meredith Palmer']
126,James_P._Albini,James P. Albini,Male,"['Michael Scott', 'Dwight Schrute']"
127,Jamie,Jamie,Female,['Andy Bernard']
128,Jan_Levinson,Jan Levinson,Female,"['Urkel Grue', 'Clark Green', 'Pam Beesly', 'Jim Halpert', 'Dwight Schrute', 'Andy Bernard', 'David Wallace', 'Mr. R. Gould', 'Josh Porter', 'Martin Nash', 'Michael Scarn', 'Hunter Raymond', 'Jasmine Windsong', 'Oscar Martinez', 'Ryan Howard', 'Holly Flax', 'Carol Stills', 'Michael Scott', 'Meredith Palmer', 'Astrid Levinson']"
129,Jasmine_Windsong,Jasmine Windsong,Female,"['Jan Levinson', 'Goldenface', 'Michael Scarn']"
130,Jeb_Schrute,Jeb Schrute,Male,"['Dwight Schrute', 'Fannie Schrute']"
131,Jerry_DiCanio,Jerry DiCanio,Male,"['Michael Scott', 'Darryl Philbin', 'Roy Anderson']"
132,Jessica_(Andy%27s_Girlfriend),Jessica (Andy%27s Girlfriend),Female,"['Robert California', 'Ellen Bernard', 'Walter Bernard Jr.']"
133,Jessica_(Vance_Refrigeration),Jessica (Vance Refrigeration),Female,"['Phyllis Vance', 'Dwight Schrute']"
134,Jim_Halpert,Jim Halpert,Male,"['Danny Cordray', 'Pam Beesly', 'Tom Halpert', 'Todd Packer', 'Helene Beesly', 'Toby Flenderson', 'Phillip Halpert', 'Gabe Lewis', 'Gerald Halpert', 'Cathy Simms', 'Penny Beesly', 'Charles Miner', 'Creed Bratton', 'Karen Filippelli', 'Katy Moore', 'Dwight Schrute', 'Cecelia Halpert', 'William Beesly', 'Andy Bernard', 'Betsy Halpert', 'Pete Halpert', 'Roy Anderson', 'Tim Canterbury']"
135,Jo_Bennett,Jo Bennett,Female,"['Nellie Bertram', 'David Wallace', 'Robert California', 'Kevin Malone', 'Michael Scott', 'Gabe Lewis']"
136,Jordan_Garfield,Jordan Garfield,Female,"['Pam Beesly', 'Jim Halpert', 'Dwight Schrute', 'Robert California', 'Creed Bratton', 'Toby Flenderson', 'Deangelo Vickers', 'Jo Bennett', 'Gabe Lewis']"
137,Josh_Porter,Josh Porter,Male,"['Jim Halpert', 'Andy Bernard', 'David Wallace', 'Neil Godwin', 'Jan Levinson', 'Michael Scott']"
138,Julia,Julia,Female,"['Stanley Hudson', 'Andy Bernard']"
139,Julie,Julie,Female,"['Pam Beesly', 'Michael Scott']"
140,Julius_Erving,Julius Erving,Male,"['Toby Flenderson', 'Darryl Philbin', 'Dwight Schrute', 'Jim Halpert', 'Deangelo Vickers']"
141,Justine_Philbin,Justine Philbin,Female,['Darryl Philbin']
142,Karen_Filippelli,Karen Filippelli,Female,"['Pam Beesly', 'Jim Halpert', 'Andy Bernard', 'Dwight Schrute', 'Nellie Bertram', 'Phyllis Vance', 'Kelly Kapoor', 'Josh Porter', 'Angela Martin', 'Ryan Howard', 'Stanley Hudson', 'Michael Scott']"
143,Katy_Moore,Katy Moore,Female,"['Pam Beesly', 'Jim Halpert', 'Dwight Schrute', 'Catherine Zeta-Scarn', 'Roy Anderson', 'Ryan Howard', 'Michael Scott', 'Meredith Palmer']"
144,Keith_Bishop,Keith Bishop,Male,"['David Wallace', 'Gareth Keenan', 'Dawn Tinsley', 'Tim Canterbury']"
145,Kelly_Kapoor,Kelly Kapoor,Female,"['Pam Beesly', 'Phyllis Vance', 'Toby Flenderson', 'Deangelo Vickers', 'Ryan Howard', 'Jordan Garfield', 'Erin Hannon', 'Charles Miner', 'Creed Bratton', 'Michael Scott', 'Karen Filippelli', 'Robert California', 'Darryl Philbin', 'Ravi', 'Andy Bernard', 'Alan', 'Angela Martin', 'Jan Levinson', 'Kevin Malone']"
146,Kendall,Kendall,Male,"['Toby Flenderson', 'Michael Scott', 'Meredith Palmer', 'Dwight Schrute', 'Jim Halpert', 'Holly Flax', 'David Wallace']"
147,Kenny_Anderson,Kenny Anderson,Male,"['Pam Beesly', 'Jim Halpert', 'Roy Anderson']"
148,Kevin%27s_Sister,Kevin%27s Sister,Female,['Kevin Malone']
149,Kevin_Malone,Kevin Malone,Male,"['Pam Beesly', 'Jim Halpert', 'Lynn', 'Deangelo Vickers', 'Oscar Martinez', 'Abby', 'Kelly Kapoor', 'Erin Hannon', 'Michael Scott', 'Robert California', 'Cecelia Halpert', 'Stacy', 'Roy Anderson', 'Angela Martin', 'Stanley Hudson']"
150,Kim_Richy,Kim Richy,Female,[]
151,Konikotaka,Konikotaka,Female,['Dwight Schrute']
152,Laura_Anderson,Laura Anderson,Female,[]
153,Lee,Lee,Male,"['Tim Canterbury', 'Dawn Tinsley', 'David Brent', 'Gareth Keenan', 'Roy Anderson']"
154,Leo,Leo,Male,"['Phyllis Vance', 'Pam Beesly', 'Michael Scott', 'Bob Vance', 'Gino']"
155,Lester_Schneider,Lester Schneider,Male,['Jan Levinson']
156,Lily,Lily,Female,"['Sam', 'Pam Beesly', 'Andy Bernard', 'Jim Halpert', 'Sophie']"
157,Linda,Linda,Female,"['Dwight Schrute', 'Ryan Howard']"
158,Lloyd_Gross,Lloyd Gross,Unknown,"['Toby Flenderson', 'Pam Beesly', 'Dwight Schrute', 'Jim Halpert']"
159,Lonny_Collins,Lonny Collins,Male,"['Kelly Kapoor', 'Toby Flenderson', 'Darryl Philbin', 'Michael Scott']"
160,Louanne_Kelley,Louanne Kelley,Female,"['Pam Beesly', 'Jim Halpert', 'Dwight Schrute', 'Kelly Kapoor', 'Hannah Smoterich-Barr', 'Toby Flenderson', 'Angela Martin', 'Kevin Malone', 'Michael Scott', 'Meredith Palmer']"
161,Luke_Cooper,Luke Cooper,Male,"['Phyllis Vance', 'Creed Bratton', 'Kevin Malone', 'Michael Scott', 'Angela Martin', 'Darryl Philbin', 'Andy Bernard']"
162,Lynn,Lynn,Female,['Kevin Malone']
163,Madge_Madsen,Madge Madsen,Female,"['Pam Beesly', 'Jim Halpert', 'Dwight Schrute', 'Michael Scott', 'Meredith Palmer']"
164,Margaret,Margaret,Female,"['Pam Beesly', 'Jan Levinson']"
165,Mark,Mark,Male,"['Dwight Schrute', 'Jim Halpert']"
166,Mark_Franks,Mark Franks,Male,['Michael Scott']
167,Martin_Nash,Martin Nash,Male,"['Michael Scott', 'Tony Gardner']"
168,Marybeth,Marybeth,Female,['Michael Scott']
169,Matt,Matt,Male,"['Pam Beesly', 'Darryl Philbin', 'Oscar Martinez', 'Jo Bennett']"
170,Maurie,Maurie,Male,"['Stanley Hudson', 'Cynthia']"
171,Megan,Megan,Female,"['Stanley Hudson', 'Cynthia']"
172,Melissa_Hudson,Melissa Hudson,Female,"['Stanley Hudson', 'Ryan Howard', 'Teri Hudson']"
173,Melissa_Riley,Melissa Riley,Unknown,['Kevin Malone']
174,Melvina_Whitaker,Melvina Whitaker,Female,['Dwight Schrute']
175,Meredith_Palmer,Meredith Palmer,Female,"['Pam Beesly', 'Captain Jack', 'Jim Halpert', 'Phyllis Vance', 'Toby Flenderson', 'Oscar Martinez', 'Creed Bratton', 'Jake Palmer', 'Michael Scott', 'Karen Filippelli', 'Dwight Schrute', 'Bob Vance', 'Angela Martin', 'Jan Levinson']"
176,Merv_Bronte,Merv Bronte,Male,"['Jim Halpert', 'Robert California']"
177,Michael%27s_mother,Michael%27s mother,Female,"['Ryan Howard', 'Holly Flax']"
178,Michael_(Warehouse_Worker),Michael (Warehouse Worker),Unknown,['Michael Scott']
179,Michael_Klump,Michael Klump,Male,"['Michael Scott', 'Jim Halpert', 'Holly Flax', 'Julie']"
180,Michael_Scarn,Michael Scarn,Male,"['Goldenface', 'Samuel L. Chang', 'Michael Scott']"
181,Michael_Scotch,Michael Scotch,Unknown,"['David Wallace', 'Michael Scott', 'Dwight Schrute']"
182,Michael_Scott,Michael Scott,Male,"['Pam Beesly', 'Jim Halpert', 'Helene Beesly', 'David Wallace', 'Luke Cooper', 'Toby Flenderson', 'Deangelo Vickers', 'Donna Newton', 'Ryan Howard', 'Gabe Lewis', 'Prison Mike', 'Erin Hannon', 'Charles Miner', 'Blind Guy McSqueezy', 'Holly Flax', 'Barbara Keevis', 'Ping', 'Dwight Schrute', 'David Brent', 'Darryl Philbin', 'Michael Scarn', 'Andy Bernard', 'Angela Martin', 'Carol Stills', 'Jan Levinson', 'Stanley Hudson', 'Michael Klump']"
183,Mike_Tibbets,Mike Tibbets,Male,['Cathy Simms']
184,Mikela_Lasker,Mikela Lasker,Female,['Michael Scott']
185,Miserly_Man,Miserly Man,Male,[]
186,Molly,Molly,Female,"['Dwight Schrute', 'Jan Levinson']"
187,Mose_Schrute,Mose Schrute,Male,"['Pam Beesly', 'Dwight Schrute', 'Jim Halpert', 'Jeb Schrute', 'Fannie Schrute', 'Holly Flax']"
188,Mr._Brown,Mr. Brown,Male,['Michael Scott']
189,Mr._Decker,Mr. Decker,Unknown,"['Michael Scott', 'Jim Halpert', 'Dwight Schrute']"
190,Mr._Flax,Mr. Flax,Male,"['Michael Scott', 'Holly Flax', 'Mrs. Flax']"
191,Mr._O%27Malley,Mr. O%27Malley,Male,"['Jan Levinson', 'James P. Albini']"
192,Mr._R._Gould,Mr. R. Gould,Male,['Jan Levinson']
193,Mrs._Flax,Mrs. Flax,Female,['Mr. Flax']
194,Ms._Trudy,Ms. Trudy,Female,['Michael Scott']
195,Mykonos,Mykonos,Unknown,"['Michael Scott', 'Andy Bernard', 'Holly Flax']"
196,Nate_Nickerson,Nate Nickerson,Male,"['Dwight Schrute', 'Hidetoshi Hasagawa', 'Ravi']"
197,Neil_Godwin,Neil Godwin,Male,"['Josh Porter', 'David Brent', 'Charles Miner', 'Ryan Howard']"
198,Nellie_Bertram,Nellie Bertram,Female,"['Andy Bernard', 'David Wallace', 'Frank', 'David Brent', 'Ryan Howard', 'Jo Bennett', 'Drake Howard']"
199,Nick,Nick,Male,"['Jim Halpert', 'Ryan Howard', 'Kelly Kapoor', 'Pam Beesly', 'Darryl Philbin']"
200,Nick_Figaro,Nick Figaro,Male,['Michael Scott']
201,Oscar_Martinez,Oscar Martinez,Male,"['Pam Beesly', 'Jim Halpert', 'Phyllis Vance', 'Toby Flenderson', 'Ryan Howard', 'Matt', 'Kelly Kapoor', 'Erin Hannon', 'Creed Bratton', 'Holly Flax', 'Michael Scott', 'Meredith Palmer', 'Robert Lipton', 'Dwight Schrute', 'Gil', 'Robert California', 'Goldenface', 'Darryl Philbin', 'Andy Bernard', 'Angela Martin', 'Jan Levinson', 'Stanley Hudson', 'Kevin Malone']"
202,Pam_(other),Pam (other),Female,"['Pam Beesly', 'Nate Nickerson', 'Dwight Schrute']"
203,Pam_Beesly,Pam Beesly,Female,"['Jim Halpert', 'Helene Beesly', 'Phyllis Vance', 'Dawn Tinsley', 'Ryan Howard', 'Phillip Halpert', 'Isabel Poreba', 'Cathy Simms', 'Penny Beesly', 'Erin Hannon', 'Holly Flax', 'Karen Filippelli', 'Dwight Schrute', 'Nellie Bertram', 'Robert California', 'Sylvia', 'Cecelia Halpert', 'Darryl Philbin', 'William Beesly', 'Andy Bernard', 'Roy Anderson', 'Alan', 'Angela Martin', 'Stanley Hudson']"
204,Paris,Paris,Female,['Dwight Schrute']
205,Patty_Grossman,Patty Grossman,Female,['Dwight Schrute']
206,Paul_Faust,Paul Faust,Male,['Creed Bratton']
207,Penny_Beesly,Penny Beesly,Female,"['Kevin Malone', 'Pam Beesly', 'Gil', 'Oscar Martinez']"
208,Pete_Halpert,Pete Halpert,Male,"['Gerald Halpert', 'Pam Beesly', 'Tom Halpert', 'Michael Scott', 'Dwight Schrute', 'Jim Halpert', 'Betsy Halpert']"
209,Pete_Miller,Pete Miller,Male,"['Robert Lipton', 'Clark Green', 'Pam Beesly', 'Alice', 'Jim Halpert', 'Dwight Schrute', 'Andy Bernard', 'David Wallace', 'Phyllis Vance', 'Kelly Kapoor', 'Erin Hannon', 'Creed Bratton', 'Toby Flenderson', 'Angela Martin', 'Darryl Philbin', 'Oscar Martinez', 'Stanley Hudson', 'Kevin Malone', 'Meredith Palmer', 'Gabe Lewis']"
210,Philip,Philip,Male,"['Dwight Schrute', 'Bob Vance', 'Michael Scott']"
211,Phillip_Halpert,Phillip Halpert,Male,"['Gerald Halpert', 'William Beesly', 'Cecelia Halpert', 'Pam Beesly', 'Angela Martin', 'Jim Halpert', 'Betsy Halpert', 'Helene Beesly']"
212,Phillip_Schrute,Phillip Schrute,Male,"['Robert Lipton', 'Angela Martin', 'Dwight Schrute', 'Oscar Martinez']"
213,Phyllis%27_Sister,Phyllis%27 Sister,Female,"['Phyllis Vance', 'Elbert Lapin', 'Bob Vance']"
214,Phyllis_Vance,Phyllis Vance,Female,"['Pam Beesly', 'Tom Peets', 'Jim Halpert', 'Todd Packer', 'Catherine Zeta-Scarn', 'Toby Flenderson', 'Oscar Martinez', 'Erin Hannon', 'Val Johnson', 'Holly Flax', 'Michael Scott', 'Meredith Palmer', 'Karen Filippelli', 'Dwight Schrute', 'Nellie Bertram', 'Robert California', 'Elbert Lapin', 'Darryl Philbin', 'Bob Vance', 'Andy Bernard', 'Mr. Flax', 'Devon White', 'Roy Anderson', 'Angela Martin', 'Stanley Hudson', 'Kevin Malone']"
215,Ping,Ping,Male,['Michael Scott']
216,Pizza_Delivery_Kid,Pizza Delivery Kid,Male,"['Kevin Malone', 'Michael Scott', 'Dwight Schrute', 'Andy Bernard', 'Oscar Martinez', 'Ryan Howard']"
217,Polly,Polly,Female,['Jim Halpert']
218,Prison_Mike,Prison Mike,Male,"['Michael Scott', 'Martin Nash']"
219,Rachael_Martin,Rachael Martin,Female,"['Martin Nash', 'Angela Martin']"
220,Rachel_(Andy%27s_Girlfriend),Rachel (Andy%27s Girlfriend),Female,"['Andy Bernard', 'Darryl Philbin']"
221,Rachel_Wallace,Rachel Wallace,Female,"['David Wallace', 'Teddy Wallace', 'Dwight Schrute']"
222,Randall,Randall,Unknown,['Todd Packer']
223,Ravi,Ravi,Male,"['Kevin Malone', 'Angela Martin', 'Dwight Schrute', 'Nellie Bertram']"
224,Recyclops,Recyclops,Male,['Dwight Schrute']
225,Reed,Reed,Male,"['Erin Hannon', 'Andy Bernard']"
226,Reggie,Reggie,Male,['Deangelo Vickers']
227,Robert_California,Robert California,Male,"['Pam Beesly', 'Jim Halpert', 'Todd Packer', 'David Wallace', 'Toby Flenderson', 'Gabe Lewis', 'Jo Bennett', 'Hidetoshi Hasagawa', 'Robert Lipton', 'Nellie Bertram', 'Susan California', 'Darryl Philbin', 'Merv Bronte', 'Andy Bernard', 'Bert California']"
228,Robert_Dunder,Robert Dunder,Male,"['Robert Mifflin', 'Michael Scott', 'Ryan Howard']"
229,Robert_Lipton,Robert Lipton,Male,"['Dwight Schrute', 'Angela Martin', 'Deangelo Vickers', 'Oscar Martinez']"
230,Robert_Mifflin,Robert Mifflin,Male,"['Robert Dunder', 'Michael Scott', 'Holly Flax']"
231,Rolando,Rolando,Male,"['Pam Beesly', 'Michael Scott', 'Dwight Schrute', 'Jim Halpert', 'Karen Filippelli']"
232,Rolf_Ahl,Rolf Ahl,Male,"['Dwight Schrute', 'Charles Miner', 'David Wallace']"
233,Ronni,Ronni,Female,"['Creed Bratton', 'Michael Scott', 'Dwight Schrute', 'Ryan Howard']"
234,Rory_Flenderson,Rory Flenderson,Male,"['Toby Flenderson', 'Michael Scott']"
235,Rose,Rose,Female,"['Stanley Hudson', 'Michael Scott', 'Dwight Schrute', 'Andy Bernard']"
236,Roy_Anderson,Roy Anderson,Male,"['Pam Beesly', 'Jim Halpert', 'Dwight Schrute', 'Dawn Tinsley', 'Kenny Anderson', 'Laura Anderson', 'Lee']"
237,Ryan_Howard,Ryan Howard,Male,"['Jim Halpert', 'David Wallace', 'Neil Godwin', 'Kelly Kapoor', 'Melissa Hudson', 'Michael Scott', 'Nellie Bertram', 'Robert California', 'Ravi', 'Jan Levinson', 'Drake Howard']"
238,Sadiq,Sadiq,Male,"['Pam Beesly', 'Michael Scott', 'Nick', 'Jim Halpert']"
239,Sam,Sam,Male,"['Pam Beesly', 'Andy Bernard', 'Jim Halpert', 'Lily', 'Sophie']"
240,Samuel_L._Chang,Samuel L. Chang,Unknown,"['Michael Scarn', 'Dwight Schrute']"
241,Sasha_Flenderson,Sasha Flenderson,Female,"['Toby Flenderson', 'Michael Scott', 'Cathy Becker', 'Jim Halpert']"
242,Sconesy_Cider,Sconesy Cider,Female,['Cecelia Halpert']
243,Scranton_Strangler,Scranton Strangler,Male,"['Jim Halpert', 'Dwight Schrute', 'Andy Bernard', 'Creed Bratton', 'Toby Flenderson']"
244,Sensei_Billy,Sensei Billy,Male,"['David Wallace', 'Sensei Ira Glicksberg']"
245,Sensei_Ira_Glicksberg,Sensei Ira Glicksberg,Male,"['Michael Scott', 'Dwight Schrute']"
246,Seth_(Cece%27s_Godfather),Seth (Cece%27s Godfather),Male,"['Cecelia Halpert', 'Pam Beesly', 'Michael Scott', 'Jim Halpert']"
247,Sophie,Sophie,Female,"['Sam', 'Pam Beesly', 'Jim Halpert', 'Andy Bernard', 'Lily']"
248,Sprinkles,Sprinkles,Female,"['Angela Martin', 'Michael Scott', 'Dwight Schrute']"
249,Stacy,Stacy,Female,"['Pam Beesly', 'Abby', 'Jim Halpert', 'Phyllis Vance', 'Kevin Malone', 'Melissa Riley']"
250,Stanley_Hudson,Stanley Hudson,Male,"['Eric', 'Cynthia', 'Phyllis Vance', 'Teri Hudson', 'Maurie', 'Megan', 'Melissa Hudson', 'Michael Scott', 'Karen Filippelli']"
251,Stephanie,Stephanie,Female,['David Wallace']
252,Steve,Steve,Unknown,['Michael Scott']
253,Steve_(actor_friend),Steve (actor friend),Male,"['Cecelia Halpert', 'Pam Beesly', 'Dwight Schrute', 'Jim Halpert', 'Phillip Halpert']"
254,Steve_Nash,Steve Nash,Unknown,['Danny Cordray']
255,Sue,Sue,Female,"['Phyllis Vance', 'Pam Beesly']"
256,Susan_California,Susan California,Female,"['Andy Bernard', 'Robert California']"
257,Sylvia,Sylvia,Female,"['Penny Beesly', 'Pam Beesly', 'Jim Halpert', 'Phillip Halpert', 'Helene Beesly']"
258,Ted_Kassar,Ted Kassar,Unknown,"['Josh Porter', 'Michael Scott', 'Jim Halpert']"
259,Teddy_Wallace,Teddy Wallace,Male,"['David Wallace', 'Dwight Schrute', 'Rachel Wallace']"
260,Teresa,Teresa,Unknown,"['Andy Bernard', 'Oscar Martinez']"
261,Teri_Hudson,Teri Hudson,Female,"['Phyllis Vance', 'Stanley Hudson', 'Michael Scott', 'Melissa Hudson', 'Dwight Schrute', 'Cynthia', 'Gabe Lewis']"
262,The_Benihana_Trio,The Benihana Trio,Female,"['Michael Scott', 'Dwight Schrute', 'Jim Halpert', 'Andy Bernard', 'Carol Stills']"
263,The_Gypsy,The Gypsy,Unknown,"['The Killer', 'Kelly Kapoor', 'Meredith Palmer', 'Ryan Howard']"
264,The_Killer,The Killer,Unknown,"['Erin Hannon', 'The Gypsy']"
265,Tiffany,Tiffany,Female,"['Pam Beesly', 'Andy Bernard']"
266,Tim_Canterbury,Tim Canterbury,Male,"['Dawn Tinsley', 'Jim Halpert', 'Gareth Keenan']"
267,Toby_Flenderson,Toby Flenderson,Male,"['Sadiq', 'Pam Beesly', 'Jim Halpert', 'Todd Packer', 'Phyllis Vance', 'Sasha Flenderson', 'Tony Gardner', 'Ryan Howard', 'Oscar Martinez', 'Cathy Becker', 'Kelly Kapoor', 'Jo Bennett', 'Michael Scott', 'Dwight Schrute', 'Nellie Bertram', 'Darryl Philbin', 'Andy Bernard', 'Rory Flenderson', 'Angela Martin', 'Kevin Malone']"
268,Todd_Packer,Todd Packer,Male,"['Jim Halpert', 'Dwight Schrute', 'Phyllis Vance', 'Creed Bratton', 'Chris Finch', 'Bob Vance', 'Jan Levinson', 'Michael Scott', 'Meredith Palmer']"
269,Tom_Halpert,Tom Halpert,Male,"['Gerald Halpert', 'Pam Beesly', 'Jim Halpert', 'Pete Halpert', 'Betsy Halpert']"
270,Tom_Peets,Tom Peets,Male,"['Phyllis Vance', 'Michael Scott']"
271,Tom_Witochkin,Tom Witochkin,Male,"['Jim Halpert', 'Pam Beesly', 'Tom Halpert']"
272,Tony_Gardner,Tony Gardner,Male,"['Toby Flenderson', 'Pam Beesly', 'Michael Scott']"
273,Tracy_Fleeb,Tracy Fleeb,Unknown,"['Robert Lipton', 'Pam Beesly']"
274,Trevor_Bortmen,Trevor Bortmen,Male,"['Angela Martin', 'Dwight Schrute', 'Oscar Martinez']"
275,Troy_Underbridge,Troy Underbridge,Male,"['Dwight Schrute', 'Ryan Howard']"
276,Uncle_Al,Uncle Al,Male,"['Phyllis Vance', 'Bob Vance']"
277,Uncle_Lucas,Uncle Lucas,Male,['Ryan Howard']
278,Unnamed_Cousin,Unnamed Cousin,Female,"['Michael Scott', 'Andy Bernard', 'Phyllis Vance']"
279,Unnamed_Paintball_Circumciser,Unnamed Paintball Circumciser,Male,"['Meredith Palmer', 'Jim Halpert', 'Pam Beesly', 'Scranton Strangler']"
280,Unnamed_White_Male,Unnamed White Male,Male,"['Toby Flenderson', 'Scranton Strangler']"
281,Urkel_Grue,Urkel Grue,Female,"['Jan Levinson', 'Michael Scott']"
282,Val_Johnson,Val Johnson,Female,"['Andy Bernard', 'Nellie Bertram', 'Erin Hannon', 'Brandon', 'Darryl Philbin', 'Kevin Malone']"
283,Vikram,Vikram,Male,"['Pam Beesly', 'Michael Scott']"
284,W.B._Jones,W.B. Jones,Male,"['Kevin Malone', 'Andy Bernard']"
285,Wally_Amos,Wally Amos,Unknown,['Wally Amos']
286,Walter_Bernard_Jr.,Walter Bernard Jr.,Male,"['Jim Halpert', 'Andy Bernard', 'Walter Bernard Sr.', 'Ellen Bernard']"
287,Walter_Bernard_Sr.,Walter Bernard Sr.,Male,"['Walter Bernard Jr.', 'Andy Bernard', 'Ellen Bernard']"
288,Wesley_Silver,Wesley Silver,Male,['Robert Lipton']
289,William_Beesly,William Beesly,Male,"['Penny Beesly', 'Pam Beesly', 'Jim Halpert', 'Helene Beesly']"
290,William_M._Buttlicker,William M. Buttlicker,Male,"['Michael Scott', 'Jim Halpert', 'Dwight Schrute']"
